{"frames":[{"filename":"jumping001","frame":{"x":235,"y":215,"w":116,"h":220},"rotated":false,"trimmed":false,"spriteSourceSize":{"x":0,"y":0,"w":116,"h":220},"sourceSize":{"w":116,"h":220}},{"filename":"movingjump001","frame":{"x":400,"y":215,"w":124,"h":220},"rotated":false,"trimmed":false,"spriteSourceSize":{"x":0,"y":0,"w":124,"h":220},"sourceSize":{"w":124,"h":220}},{"filename":"moving001","frame":{"x":545,"y":215,"w":118,"h":220},"rotated":false,"trimmed":false,"spriteSourceSize":{"x":0,"y":0,"w":118,"h":220},"sourceSize":{"w":118,"h":220}},{"filename":"standing001","frame":{"x":680,"y":215,"w":110,"h":220},"rotated":false,"trimmed":false,"spriteSourceSize":{"x":0,"y":0,"w":110,"h":220},"sourceSize":{"w":110,"h":220}}],"meta":{"app":"https://www.leshylabs.com/apps/sstool/","version":"Leshy SpriteSheet Tool v0.8.4","image":"dude.png","size":{"w":1000,"h":550},"scale":1}}