{"frames":[{"filename":"walk001","frame":{"x":0,"y":0,"w":16,"h":24},"rotated":false,"trimmed":false,"spriteSourceSize":{"x":0,"y":0,"w":16,"h":24},"sourceSize":{"w":16,"h":24}},{"filename":"walk002","frame":{"x":16,"y":0,"w":16,"h":24},"rotated":false,"trimmed":false,"spriteSourceSize":{"x":0,"y":0,"w":16,"h":24},"sourceSize":{"w":16,"h":24}},{"filename":"walk003","frame":{"x":32,"y":0,"w":16,"h":24},"rotated":false,"trimmed":false,"spriteSourceSize":{"x":0,"y":0,"w":16,"h":24},"sourceSize":{"w":16,"h":24}},{"filename":"walk004","frame":{"x":48,"y":0,"w":16,"h":24},"rotated":false,"trimmed":false,"spriteSourceSize":{"x":0,"y":0,"w":16,"h":24},"sourceSize":{"w":16,"h":24}},{"filename":"jump001","frame":{"x":64,"y":0,"w":16,"h":24},"rotated":false,"trimmed":false,"spriteSourceSize":{"x":0,"y":0,"w":16,"h":24},"sourceSize":{"w":16,"h":24}},{"filename":"jump002","frame":{"x":80,"y":0,"w":16,"h":24},"rotated":false,"trimmed":false,"spriteSourceSize":{"x":0,"y":0,"w":16,"h":24},"sourceSize":{"w":16,"h":24}},{"filename":"jump003","frame":{"x":96,"y":0,"w":16,"h":24},"rotated":false,"trimmed":false,"spriteSourceSize":{"x":0,"y":0,"w":16,"h":24},"sourceSize":{"w":16,"h":24}},{"filename":"jump004","frame":{"x":112,"y":0,"w":16,"h":24},"rotated":false,"trimmed":false,"spriteSourceSize":{"x":0,"y":0,"w":16,"h":24},"sourceSize":{"w":16,"h":24}},{"filename":"stand001","frame":{"x":0,"y":24,"w":16,"h":24},"rotated":false,"trimmed":false,"spriteSourceSize":{"x":0,"y":0,"w":16,"h":24},"sourceSize":{"w":16,"h":24}},{"filename":"stand002","frame":{"x":16,"y":24,"w":16,"h":24},"rotated":false,"trimmed":false,"spriteSourceSize":{"x":0,"y":0,"w":16,"h":24},"sourceSize":{"w":16,"h":24}},{"filename":"stand003","frame":{"x":32,"y":24,"w":16,"h":24},"rotated":false,"trimmed":false,"spriteSourceSize":{"x":0,"y":0,"w":16,"h":24},"sourceSize":{"w":16,"h":24}},{"filename":"stand004","frame":{"x":48,"y":24,"w":16,"h":24},"rotated":false,"trimmed":false,"spriteSourceSize":{"x":0,"y":0,"w":16,"h":24},"sourceSize":{"w":16,"h":24}},{"filename":"standingjump001","frame":{"x":64,"y":24,"w":16,"h":24},"rotated":false,"trimmed":false,"spriteSourceSize":{"x":0,"y":0,"w":16,"h":24},"sourceSize":{"w":16,"h":24}},{"filename":"standingjump002","frame":{"x":80,"y":24,"w":16,"h":24},"rotated":false,"trimmed":false,"spriteSourceSize":{"x":0,"y":0,"w":16,"h":24},"sourceSize":{"w":16,"h":24}},{"filename":"standingjump003","frame":{"x":96,"y":24,"w":16,"h":24},"rotated":false,"trimmed":false,"spriteSourceSize":{"x":0,"y":0,"w":16,"h":24},"sourceSize":{"w":16,"h":24}},{"filename":"standingjump004","frame":{"x":112,"y":24,"w":16,"h":24},"rotated":false,"trimmed":false,"spriteSourceSize":{"x":0,"y":0,"w":16,"h":24},"sourceSize":{"w":16,"h":24}},{"filename":"falling_side001","frame":{"x":0,"y":48,"w":16,"h":24},"rotated":false,"trimmed":false,"spriteSourceSize":{"x":0,"y":0,"w":16,"h":24},"sourceSize":{"w":16,"h":24}},{"filename":"falling_front001","frame":{"x":16,"y":48,"w":16,"h":24},"rotated":false,"trimmed":false,"spriteSourceSize":{"x":0,"y":0,"w":16,"h":24},"sourceSize":{"w":16,"h":24}},{"filename":"dash001","frame":{"x":32,"y":48,"w":16,"h":24},"rotated":false,"trimmed":false,"spriteSourceSize":{"x":0,"y":0,"w":16,"h":24},"sourceSize":{"w":16,"h":24}},{"filename":"dash002","frame":{"x":48,"y":48,"w":16,"h":24},"rotated":false,"trimmed":false,"spriteSourceSize":{"x":0,"y":0,"w":16,"h":24},"sourceSize":{"w":16,"h":24}},{"filename":"teleport001","frame":{"x":0,"y":72,"w":16,"h":24},"rotated":false,"trimmed":false,"spriteSourceSize":{"x":0,"y":0,"w":16,"h":24},"sourceSize":{"w":16,"h":24}},{"filename":"teleport002","frame":{"x":16,"y":72,"w":16,"h":24},"rotated":false,"trimmed":false,"spriteSourceSize":{"x":0,"y":0,"w":16,"h":24},"sourceSize":{"w":16,"h":24}},{"filename":"teleport003","frame":{"x":32,"y":72,"w":16,"h":24},"rotated":false,"trimmed":false,"spriteSourceSize":{"x":0,"y":0,"w":16,"h":24},"sourceSize":{"w":16,"h":24}},{"filename":"teleport004","frame":{"x":48,"y":72,"w":16,"h":24},"rotated":false,"trimmed":false,"spriteSourceSize":{"x":0,"y":0,"w":16,"h":24},"sourceSize":{"w":16,"h":24}},{"filename":"teleport005","frame":{"x":64,"y":72,"w":16,"h":24},"rotated":false,"trimmed":false,"spriteSourceSize":{"x":0,"y":0,"w":16,"h":24},"sourceSize":{"w":16,"h":24}},{"filename":"teleport006","frame":{"x":80,"y":72,"w":16,"h":24},"rotated":false,"trimmed":false,"spriteSourceSize":{"x":0,"y":0,"w":16,"h":24},"sourceSize":{"w":16,"h":24}},{"filename":"teleport007","frame":{"x":96,"y":72,"w":16,"h":24},"rotated":false,"trimmed":false,"spriteSourceSize":{"x":0,"y":0,"w":16,"h":24},"sourceSize":{"w":16,"h":24}},{"filename":"teleport008","frame":{"x":112,"y":72,"w":16,"h":24},"rotated":false,"trimmed":false,"spriteSourceSize":{"x":0,"y":0,"w":16,"h":24},"sourceSize":{"w":16,"h":24}},{"filename":"teleport009","frame":{"x":0,"y":96,"w":16,"h":24},"rotated":false,"trimmed":false,"spriteSourceSize":{"x":0,"y":0,"w":16,"h":24},"sourceSize":{"w":16,"h":24}},{"filename":"teleport010","frame":{"x":16,"y":96,"w":16,"h":24},"rotated":false,"trimmed":false,"spriteSourceSize":{"x":0,"y":0,"w":16,"h":24},"sourceSize":{"w":16,"h":24}},{"filename":"teleport011","frame":{"x":32,"y":96,"w":16,"h":24},"rotated":false,"trimmed":false,"spriteSourceSize":{"x":0,"y":0,"w":16,"h":24},"sourceSize":{"w":16,"h":24}},{"filename":"death001","frame":{"x":48,"y":96,"w":16,"h":24},"rotated":false,"trimmed":false,"spriteSourceSize":{"x":0,"y":0,"w":16,"h":24},"sourceSize":{"w":16,"h":24}},{"filename":"death002","frame":{"x":64,"y":96,"w":16,"h":24},"rotated":false,"trimmed":false,"spriteSourceSize":{"x":0,"y":0,"w":16,"h":24},"sourceSize":{"w":16,"h":24}},{"filename":"death003","frame":{"x":80,"y":96,"w":16,"h":24},"rotated":false,"trimmed":false,"spriteSourceSize":{"x":0,"y":0,"w":16,"h":24},"sourceSize":{"w":16,"h":24}},{"filename":"death004","frame":{"x":96,"y":96,"w":16,"h":24},"rotated":false,"trimmed":false,"spriteSourceSize":{"x":0,"y":0,"w":16,"h":24},"sourceSize":{"w":16,"h":24}},{"filename":"death005","frame":{"x":112,"y":96,"w":16,"h":24},"rotated":false,"trimmed":false,"spriteSourceSize":{"x":0,"y":0,"w":16,"h":24},"sourceSize":{"w":16,"h":24}}],"meta":{"app":"https://www.leshylabs.com/apps/sstool/","version":"Leshy SpriteSheet Tool v0.8.4","image":"dude2.png","size":{"w":128,"h":128},"scale":1}}